address,city
TALCAHUANO 837,Ciudad de Buenos Aires
ITUZAINGO 855,Ciudad de Buenos Aires
AV. RIVADAVIA 4390,Ciudad de Buenos Aires
LAVALLE 2574,Ciudad de Buenos Aires
AV LINCOLN 3835,Ciudad de Buenos Aires
LASCANO 5011,Ciudad de Buenos Aires
TTE. GRAL. JUAN D. PERON 4465,Ciudad de Buenos Aires
AV. SAENZ 85,Ciudad de Buenos Aires
TACUARÍ 453,Ciudad de Buenos Aires
VIRREY DEL PINO 4340,Ciudad de Buenos Aires
MARIANO ACHA 1684,Ciudad de Buenos Aires
MANZONI 261,Ciudad de Buenos Aires
AV CABILDO 115,Ciudad de Buenos Aires
CORONEL SALVADORES 1520,Ciudad de Buenos Aires
RAMON FALCON 6733,Ciudad de Buenos Aires
MEMBRILLAR 74,Ciudad de Buenos Aires
PALPA 2422,Ciudad de Buenos Aires
LISANDRO DE LA TORRE 4761,Ciudad de Buenos Aires
EMILIO MITRE 1060,Ciudad de Buenos Aires
AV. CORRIENTES 5694,Ciudad de Buenos Aires
DR. LUIS BELAUSTEGUI 3272,Ciudad de Buenos Aires
PIERES 977,Ciudad de Buenos Aires
AV CORDOBA 1504,Ciudad de Buenos Aires
AV. FCO.BEIRO 3220,Ciudad de Buenos Aires
AMENABAR 1565,Ciudad de Buenos Aires
NOGOYA 3067,Ciudad de Buenos Aires
AV FRANCISCO BEIRO 3400,Ciudad de Buenos Aires
OLLEROS 2454,Ciudad de Buenos Aires
AV. SANTA FE 3171,Ciudad de Buenos Aires
OLLEROS 2454,Ciudad de Buenos Aires
JUNIN 1573,Ciudad de Buenos Aires
NICASIO OROÑO 859,Ciudad de Buenos Aires
NAZCA 4881,Ciudad de Buenos Aires
AV. FOREST 567,Ciudad de Buenos Aires
QUESADA 5893,Ciudad de Buenos Aires
GUALEGUAYCHU 4556,Ciudad de Buenos Aires
MALVINAS ARGENTINAS 865,Ciudad de Buenos Aires
ARAOZ 2379,Ciudad de Buenos Aires
OLAZÁBAL 5124,Ciudad de Buenos Aires
JUNIN 410,Ciudad de Buenos Aires
BERMUDEZ 2098,Ciudad de Buenos Aires
VIRREY CEVALLOS 820,Ciudad de Buenos Aires
PEDRO MORÁN 2705,Ciudad de Buenos Aires
ARMENIA 2239,Ciudad de Buenos Aires
AV. CABILDO 4275,Ciudad de Buenos Aires
AV.ALTE BROWN 789,Ciudad de Buenos Aires
COMBATE DE LOS POZOS 361,Ciudad de Buenos Aires
PALPA 3491,Ciudad de Buenos Aires
MURGUIONDO 4400,Ciudad de Buenos Aires
BOEDO 1579,Ciudad de Buenos Aires
SALGUERO 1415,Ciudad de Buenos Aires
LAVALLE 1768,Ciudad de Buenos Aires
HELGUERA 1523,Ciudad de Buenos Aires
AV. DIRECTORIO 4535,Ciudad de Buenos Aires
AV RIVADAVIA 4190,Ciudad de Buenos Aires
PALESTINA 791,Ciudad de Buenos Aires
ELCANO 2762,Ciudad de Buenos Aires
FELIX LORA 18,Ciudad de Buenos Aires
AV. DE LOS CONSTITUYENTES 4510,Ciudad de Buenos Aires
AV. OLAZABAL 4835,Ciudad de Buenos Aires
BLANCO ENCALADA 4891,Ciudad de Buenos Aires
GUAYAQUIL 687,Ciudad de Buenos Aires
COMBATE DE LOS POZOS 361,Ciudad de Buenos Aires
NOGOYA 3181,Ciudad de Buenos Aires
AV. PUEYRREDON 1788,Ciudad de Buenos Aires
LA PAMPA 2219,Ciudad de Buenos Aires
OLAYA 1155,Ciudad de Buenos Aires
NUÑEZ 2449,Ciudad de Buenos Aires
ALTE. F. J. SEGUI 2307,Ciudad de Buenos Aires
AV. DIRECTORIO 997,Ciudad de Buenos Aires
PICO 2308,Ciudad de Buenos Aires
SERRANO 384,Ciudad de Buenos Aires
AV. MOSCONI 4015,Ciudad de Buenos Aires
AV. CORRIENTES 3978,Ciudad de Buenos Aires
ANIBAL TROILO 918,Ciudad de Buenos Aires
AV.CABILDO 1350,Ciudad de Buenos Aires
AV. RIVADAVIA 4390,Ciudad de Buenos Aires
ACOYTE 25,Ciudad de Buenos Aires
MORON 5184,Ciudad de Buenos Aires
JURAMENTO 5038,Ciudad de Buenos Aires
PERDRIEL 163,Ciudad de Buenos Aires
JOSE BONIFACIO 1775,Ciudad de Buenos Aires
FRIAS 263,Ciudad de Buenos Aires
SEGUROLA 1259,Ciudad de Buenos Aires
AV. TRIUNVIRATO 4096,Ciudad de Buenos Aires
MURGUIONDO 346,Ciudad de Buenos Aires
MAURE 2239,Ciudad de Buenos Aires
AV. RIVADAVIA 6346,Ciudad de Buenos Aires
GUEMES 3757,Ciudad de Buenos Aires
VUELTA DE OBLIGADO 2632,Ciudad de Buenos Aires
AV. CABILDO 3011,Ciudad de Buenos Aires
GRAL. LA MADRIR 1546,Ciudad de Buenos Aires
JUNIN 1054,Ciudad de Buenos Aires
